                  epoch,         train/box_loss,         train/cls_loss,         train/dfl_loss,   metrics/precision(B),      metrics/recall(B),       metrics/mAP50(B),    metrics/mAP50-95(B),           val/box_loss,           val/cls_loss,           val/dfl_loss,                 lr/pg0,                 lr/pg1,                 lr/pg2
                      1,                 2.4393,                 2.6431,                 1.4907,                0.40097,                0.29202,                0.24672,                0.09316,                 2.1786,                  2.556,                 1.3246,             0.00054845,             0.00054845,             0.00054845
                      2,                 2.1714,                 1.9621,                  1.363,                 0.3995,                0.45681,                0.37811,                0.15467,                  2.128,                 1.8781,                 1.3694,              0.0008855,              0.0008855,              0.0008855
                      3,                 2.1038,                 1.7912,                  1.335,                0.41733,                0.37496,                0.33171,                0.13893,                 2.0497,                 1.8974,                 1.2827,              0.0010025,              0.0010025,              0.0010025
                      4,                 2.0322,                 1.6923,                 1.2939,                0.47903,                0.47133,                0.42938,                0.19212,                 1.9588,                 1.5937,                 1.2497,              0.0006768,              0.0006768,              0.0006768
                      5,                 1.9641,                 1.6126,                 1.2602,                0.53163,                0.47648,                0.47729,                0.21634,                 1.9452,                  1.525,                 1.2226,              0.0006768,              0.0006768,              0.0006768
