                  epoch,         train/box_loss,         train/cls_loss,         train/dfl_loss,   metrics/precision(B),      metrics/recall(B),       metrics/mAP50(B),    metrics/mAP50-95(B),           val/box_loss,           val/cls_loss,           val/dfl_loss,                 lr/pg0,                 lr/pg1,                 lr/pg2
                      1,                 4.0566,                 4.3476,                 4.0122,                0.00053,                0.01829,                0.00028,                0.00011,                 4.1665,                 4.7743,                 4.2781,             0.00054845,             0.00054845,             0.00054845
                      2,                 3.1719,                 3.0029,                 2.8674,                0.10768,                0.06537,                0.03207,                0.00901,                 3.0075,                 3.2898,                  2.713,              0.0008855,              0.0008855,              0.0008855
                      3,                 2.9111,                   2.54,                 2.3089,                 0.1009,                0.17635,                0.04977,                0.01537,                 2.8568,                 2.9817,                 2.2144,              0.0010025,              0.0010025,              0.0010025
                      4,                 2.7619,                  2.315,                 2.1218,                0.19546,                 0.2115,                0.11188,                0.03538,                 2.7373,                 2.7147,                 2.0557,              0.0006768,              0.0006768,              0.0006768
                      5,                 2.6817,                 2.2643,                 2.0217,                0.25506,                0.22064,                0.14317,                0.04532,                 2.6488,                 2.2878,                 1.9692,              0.0006768,              0.0006768,              0.0006768
