                  epoch,         train/box_loss,         train/cls_loss,         train/dfl_loss,   metrics/precision(B),      metrics/recall(B),       metrics/mAP50(B),    metrics/mAP50-95(B),           val/box_loss,           val/cls_loss,           val/dfl_loss,                 lr/pg0,                 lr/pg1,                 lr/pg2
                      1,                 3.3769,                 3.3683,                  3.068,                0.18076,                0.21827,                0.08783,                0.02502,                 2.7558,                  2.439,                 2.0114,             0.00055387,             0.00055387,             0.00055387
                      2,                 2.6126,                  2.151,                 1.8666,                0.33205,                0.36396,                0.23804,                0.08449,                 2.3884,                 1.9855,                 1.6852,             0.00088985,             0.00088985,             0.00088985
                      3,                 2.4382,                 1.9501,                 1.7035,                0.35339,                0.30666,                0.23819,                 0.0913,                 2.3399,                 1.9985,                 1.6706,              0.0010058,              0.0010058,              0.0010058
                      4,                 2.3072,                  1.798,                 1.6139,                0.41409,                0.42585,                0.34112,                0.13464,                  2.209,                  1.727,                 1.5492,              0.0006768,              0.0006768,              0.0006768
                      5,                  2.243,                 1.7037,                 1.5602,                 0.4647,                0.45318,                0.40482,                0.16464,                 2.1418,                 1.5998,                 1.5113,              0.0006768,              0.0006768,              0.0006768
